file,line,type,commit,author,date,time,timezone,datetime,depth,length
style.css,1,css,cb899008,zijin-qin,2025-01-18,21:49:10,-08:00,2025-01-18T21:49:10-08:00,0,5
style.css,2,css,482c38e9,zijin-qin,2025-01-25,23:32:37,-08:00,2025-01-25T23:32:37-08:00,0,24
style.css,3,css,cb899008,zijin-qin,2025-01-18,21:49:10,-08:00,2025-01-18T21:49:10-08:00,0,32
style.css,4,css,cb899008,zijin-qin,2025-01-18,21:49:10,-08:00,2025-01-18T21:49:10-08:00,0,33
style.css,5,css,cb899008,zijin-qin,2025-01-18,21:49:10,-08:00,2025-01-18T21:49:10-08:00,0,0
style.css,6,css,cb899008,zijin-qin,2025-01-18,21:49:10,-08:00,2025-01-18T21:49:10-08:00,0,0
style.css,7,css,3d40ff52,zijin-qin,2025-01-10,12:39:16,-08:00,2025-01-10T12:39:16-08:00,0,5
style.css,8,css,3d40ff52,zijin-qin,2025-01-10,12:39:16,-08:00,2025-01-10T12:39:16-08:00,0,24
style.css,9,css,34ff14c4,zijin-qin,2025-01-18,18:15:29,-08:00,2025-01-18T18:15:29-08:00,0,0
style.css,10,css,34ff14c4,zijin-qin,2025-01-18,18:15:29,-08:00,2025-01-18T18:15:29-08:00,0,16
style.css,11,css,cb899008,zijin-qin,2025-01-18,21:49:10,-08:00,2025-01-18T21:49:10-08:00,0,19
style.css,12,css,cb899008,zijin-qin,2025-01-18,21:49:10,-08:00,2025-01-18T21:49:10-08:00,0,13
style.css,13,css,cb899008,zijin-qin,2025-01-18,21:49:10,-08:00,2025-01-18T21:49:10-08:00,0,0
style.css,14,css,cb899008,zijin-qin,2025-01-18,21:49:10,-08:00,2025-01-18T21:49:10-08:00,0,4
style.css,15,css,cb899008,zijin-qin,2025-01-18,21:49:10,-08:00,2025-01-18T21:49:10-08:00,0,14
style.css,16,css,cb899008,zijin-qin,2025-01-18,21:49:10,-08:00,2025-01-18T21:49:10-08:00,0,0
style.css,17,css,fa9cab36,zijin-qin,2025-02-11,22:06:55,-08:00,2025-02-11T22:06:55-08:00,0,0
style.css,18,css,fa9cab36,zijin-qin,2025-02-11,22:06:55,-08:00,2025-02-11T22:06:55-08:00,0,0
style.css,19,css,fa9cab36,zijin-qin,2025-02-11,22:06:55,-08:00,2025-02-11T22:06:55-08:00,0,4
style.css,20,css,fa9cab36,zijin-qin,2025-02-11,22:06:55,-08:00,2025-02-11T22:06:55-08:00,0,40
style.css,21,css,fa9cab36,zijin-qin,2025-02-11,22:06:55,-08:00,2025-02-11T22:06:55-08:00,0,0
style.css,22,css,fa9cab36,zijin-qin,2025-02-11,22:06:55,-08:00,2025-02-11T22:06:55-08:00,0,13
style.css,23,css,fa9cab36,zijin-qin,2025-02-11,22:06:55,-08:00,2025-02-11T22:06:55-08:00,0,19
style.css,24,css,fa9cab36,zijin-qin,2025-02-11,22:06:55,-08:00,2025-02-11T22:06:55-08:00,0,44
style.css,25,css,fa9cab36,zijin-qin,2025-02-11,22:06:55,-08:00,2025-02-11T22:06:55-08:00,0,0
style.css,26,css,fa9cab36,zijin-qin,2025-02-11,22:06:55,-08:00,2025-02-11T22:06:55-08:00,0,2
style.css,27,css,fa9cab36,zijin-qin,2025-02-11,22:06:55,-08:00,2025-02-11T22:06:55-08:00,0,7
style.css,28,css,fa9cab36,zijin-qin,2025-02-11,22:06:55,-08:00,2025-02-11T22:06:55-08:00,0,21
style.css,29,css,fa9cab36,zijin-qin,2025-02-11,22:06:55,-08:00,2025-02-11T22:06:55-08:00,0,14
style.css,30,css,fa9cab36,zijin-qin,2025-02-11,22:06:55,-08:00,2025-02-11T22:06:55-08:00,0,18
style.css,31,css,fa9cab36,zijin-qin,2025-02-11,22:06:55,-08:00,2025-02-11T22:06:55-08:00,0,14
style.css,32,css,cb899008,zijin-qin,2025-01-18,21:49:10,-08:00,2025-01-18T21:49:10-08:00,0,0
style.css,33,css,cb899008,zijin-qin,2025-01-18,21:49:10,-08:00,2025-01-18T21:49:10-08:00,0,0
style.css,34,css,fa9cab36,zijin-qin,2025-02-11,22:06:55,-08:00,2025-02-11T22:06:55-08:00,0,10
style.css,35,css,fa9cab36,zijin-qin,2025-02-11,22:06:55,-08:00,2025-02-11T22:06:55-08:00,0,46
style.css,36,css,fa9cab36,zijin-qin,2025-02-11,22:06:55,-08:00,2025-02-11T22:06:55-08:00,0,21
style.css,37,css,fa9cab36,zijin-qin,2025-02-11,22:06:55,-08:00,2025-02-11T22:06:55-08:00,0,17
style.css,38,css,fa9cab36,zijin-qin,2025-02-11,22:06:55,-08:00,2025-02-11T22:06:55-08:00,0,0
style.css,39,css,482c38e9,zijin-qin,2025-01-25,23:32:37,-08:00,2025-01-25T23:32:37-08:00,0,0
style.css,40,css,fa9cab36,zijin-qin,2025-02-11,22:06:55,-08:00,2025-02-11T22:06:55-08:00,0,8
style.css,41,css,fa9cab36,zijin-qin,2025-02-11,22:06:55,-08:00,2025-02-11T22:06:55-08:00,0,46
style.css,42,css,fa9cab36,zijin-qin,2025-02-11,22:06:55,-08:00,2025-02-11T22:06:55-08:00,0,70
style.css,43,css,fa9cab36,zijin-qin,2025-02-11,22:06:55,-08:00,2025-02-11T22:06:55-08:00,0,21
style.css,44,css,fa9cab36,zijin-qin,2025-02-11,22:06:55,-08:00,2025-02-11T22:06:55-08:00,0,0
style.css,45,css,fa9cab36,zijin-qin,2025-02-11,22:06:55,-08:00,2025-02-11T22:06:55-08:00,0,0
style.css,46,css,fa9cab36,zijin-qin,2025-02-11,22:06:55,-08:00,2025-02-11T22:06:55-08:00,0,0
style.css,47,css,fa9cab36,zijin-qin,2025-02-11,22:06:55,-08:00,2025-02-11T22:06:55-08:00,0,14
style.css,48,css,fa9cab36,zijin-qin,2025-02-11,22:06:55,-08:00,2025-02-11T22:06:55-08:00,0,18
style.css,49,css,fa9cab36,zijin-qin,2025-02-11,22:06:55,-08:00,2025-02-11T22:06:55-08:00,0,9
style.css,50,css,fa9cab36,zijin-qin,2025-02-11,22:06:55,-08:00,2025-02-11T22:06:55-08:00,0,11
style.css,51,css,fa9cab36,zijin-qin,2025-02-11,22:06:55,-08:00,2025-02-11T22:06:55-08:00,0,14
style.css,52,css,fa9cab36,zijin-qin,2025-02-11,22:06:55,-08:00,2025-02-11T22:06:55-08:00,0,20
style.css,53,css,fa9cab36,zijin-qin,2025-02-11,22:06:55,-08:00,2025-02-11T22:06:55-08:00,0,0
style.css,54,css,482c38e9,zijin-qin,2025-01-25,23:32:37,-08:00,2025-01-25T23:32:37-08:00,0,0
style.css,55,css,fa9cab36,zijin-qin,2025-02-11,22:06:55,-08:00,2025-02-11T22:06:55-08:00,0,5
style.css,56,css,fa9cab36,zijin-qin,2025-02-11,22:06:55,-08:00,2025-02-11T22:06:55-08:00,0,13
style.css,57,css,fa9cab36,zijin-qin,2025-02-11,22:06:55,-08:00,2025-02-11T22:06:55-08:00,0,31
style.css,58,css,fa9cab36,zijin-qin,2025-02-11,22:06:55,-08:00,2025-02-11T22:06:55-08:00,0,8
style.css,59,css,cb899008,zijin-qin,2025-01-18,21:49:10,-08:00,2025-01-18T21:49:10-08:00,0,0
style.css,60,css,fa9cab36,zijin-qin,2025-02-11,22:06:55,-08:00,2025-02-11T22:06:55-08:00,0,24
style.css,61,css,fa9cab36,zijin-qin,2025-02-11,22:06:55,-08:00,2025-02-11T22:06:55-08:00,0,13
style.css,62,css,fa9cab36,zijin-qin,2025-02-11,22:06:55,-08:00,2025-02-11T22:06:55-08:00,0,0
style.css,63,css,cb899008,zijin-qin,2025-01-18,21:49:10,-08:00,2025-01-18T21:49:10-08:00,0,0
style.css,64,css,fa9cab36,zijin-qin,2025-02-11,22:06:55,-08:00,2025-02-11T22:06:55-08:00,0,6
style.css,65,css,cb899008,zijin-qin,2025-01-18,21:49:10,-08:00,2025-01-18T21:49:10-08:00,0,13
style.css,66,css,cb899008,zijin-qin,2025-01-18,21:49:10,-08:00,2025-01-18T21:49:10-08:00,0,30
style.css,67,css,fa9cab36,zijin-qin,2025-02-11,22:06:55,-08:00,2025-02-11T22:06:55-08:00,0,0
style.css,68,css,fa9cab36,zijin-qin,2025-02-11,22:06:55,-08:00,2025-02-11T22:06:55-08:00,0,0
style.css,69,css,fa9cab36,zijin-qin,2025-02-11,22:06:55,-08:00,2025-02-11T22:06:55-08:00,0,14
style.css,70,css,cb899008,zijin-qin,2025-01-18,21:49:10,-08:00,2025-01-18T21:49:10-08:00,0,19
style.css,71,css,fa9cab36,zijin-qin,2025-02-11,22:06:55,-08:00,2025-02-11T22:06:55-08:00,0,0
style.css,72,css,fa9cab36,zijin-qin,2025-02-11,22:06:55,-08:00,2025-02-11T22:06:55-08:00,0,0
style.css,73,css,cb899008,zijin-qin,2025-01-18,21:49:10,-08:00,2025-01-18T21:49:10-08:00,0,0
style.css,74,css,fa9cab36,zijin-qin,2025-02-11,22:06:55,-08:00,2025-02-11T22:06:55-08:00,0,10
style.css,75,css,fa9cab36,zijin-qin,2025-02-11,22:06:55,-08:00,2025-02-11T22:06:55-08:00,0,13
style.css,76,css,fa9cab36,zijin-qin,2025-02-11,22:06:55,-08:00,2025-02-11T22:06:55-08:00,0,59
style.css,77,css,fa9cab36,zijin-qin,2025-02-11,22:06:55,-08:00,2025-02-11T22:06:55-08:00,0,0
style.css,78,css,fa9cab36,zijin-qin,2025-02-11,22:06:55,-08:00,2025-02-11T22:06:55-08:00,0,8
style.css,79,css,cb899008,zijin-qin,2025-01-18,21:49:10,-08:00,2025-01-18T21:49:10-08:00,0,13
style.css,80,css,fa9cab36,zijin-qin,2025-02-11,22:06:55,-08:00,2025-02-11T22:06:55-08:00,0,27
style.css,81,css,fa9cab36,zijin-qin,2025-02-11,22:06:55,-08:00,2025-02-11T22:06:55-08:00,0,16
style.css,82,css,cb899008,zijin-qin,2025-01-18,21:49:10,-08:00,2025-01-18T21:49:10-08:00,0,8
style.css,83,css,cb899008,zijin-qin,2025-01-18,21:49:10,-08:00,2025-01-18T21:49:10-08:00,0,0
style.css,84,css,fa9cab36,zijin-qin,2025-02-11,22:06:55,-08:00,2025-02-11T22:06:55-08:00,0,3
style.css,85,css,fa9cab36,zijin-qin,2025-02-11,22:06:55,-08:00,2025-02-11T22:06:55-08:00,0,9
style.css,86,css,cb899008,zijin-qin,2025-01-18,21:49:10,-08:00,2025-01-18T21:49:10-08:00,0,0
style.css,87,css,fa9cab36,zijin-qin,2025-02-11,22:06:55,-08:00,2025-02-11T22:06:55-08:00,0,0
style.css,88,css,fa9cab36,zijin-qin,2025-02-11,22:06:55,-08:00,2025-02-11T22:06:55-08:00,0,0
style.css,89,css,cb899008,zijin-qin,2025-01-18,21:49:10,-08:00,2025-01-18T21:49:10-08:00,0,0
style.css,90,css,fa9cab36,zijin-qin,2025-02-11,22:06:55,-08:00,2025-02-11T22:06:55-08:00,0,23
style.css,91,css,fa9cab36,zijin-qin,2025-02-11,22:06:55,-08:00,2025-02-11T22:06:55-08:00,0,16
style.css,92,css,fa9cab36,zijin-qin,2025-02-11,22:06:55,-08:00,2025-02-11T22:06:55-08:00,0,18
style.css,93,css,fa9cab36,zijin-qin,2025-02-11,22:06:55,-08:00,2025-02-11T22:06:55-08:00,0,0
style.css,94,css,cb899008,zijin-qin,2025-01-18,21:49:10,-08:00,2025-01-18T21:49:10-08:00,0,0
style.css,95,css,fa9cab36,zijin-qin,2025-02-11,22:06:55,-08:00,2025-02-11T22:06:55-08:00,0,3
style.css,96,css,fa9cab36,zijin-qin,2025-02-11,22:06:55,-08:00,2025-02-11T22:06:55-08:00,0,15
style.css,97,css,fa9cab36,zijin-qin,2025-02-11,22:06:55,-08:00,2025-02-11T22:06:55-08:00,0,20
style.css,98,css,fa9cab36,zijin-qin,2025-02-11,22:06:55,-08:00,2025-02-11T22:06:55-08:00,0,0
style.css,99,css,cb899008,zijin-qin,2025-01-18,21:49:10,-08:00,2025-01-18T21:49:10-08:00,0,0
style.css,100,css,fa9cab36,zijin-qin,2025-02-11,22:06:55,-08:00,2025-02-11T22:06:55-08:00,0,3
style.css,101,css,fa9cab36,zijin-qin,2025-02-11,22:06:55,-08:00,2025-02-11T22:06:55-08:00,0,15
style.css,102,css,fa9cab36,zijin-qin,2025-02-11,22:06:55,-08:00,2025-02-11T22:06:55-08:00,0,20
style.css,103,css,fa9cab36,zijin-qin,2025-02-11,22:06:55,-08:00,2025-02-11T22:06:55-08:00,0,0
style.css,104,css,cb899008,zijin-qin,2025-01-18,21:49:10,-08:00,2025-01-18T21:49:10-08:00,0,0
style.css,105,css,fa9cab36,zijin-qin,2025-02-11,22:06:55,-08:00,2025-02-11T22:06:55-08:00,0,8
style.css,106,css,fa9cab36,zijin-qin,2025-02-11,22:06:55,-08:00,2025-02-11T22:06:55-08:00,0,13
style.css,107,css,cb899008,zijin-qin,2025-01-18,21:49:10,-08:00,2025-01-18T21:49:10-08:00,0,0
style.css,108,css,fa9cab36,zijin-qin,2025-02-11,22:06:55,-08:00,2025-02-11T22:06:55-08:00,0,2
style.css,109,css,fa9cab36,zijin-qin,2025-02-11,22:06:55,-08:00,2025-02-11T22:06:55-08:00,0,21
style.css,110,css,fa9cab36,zijin-qin,2025-02-11,22:06:55,-08:00,2025-02-11T22:06:55-08:00,0,11
style.css,111,css,cb899008,zijin-qin,2025-01-18,21:49:10,-08:00,2025-01-18T21:49:10-08:00,0,0
style.css,112,css,cb899008,zijin-qin,2025-01-18,21:49:10,-08:00,2025-01-18T21:49:10-08:00,0,0
style.css,113,css,fa9cab36,zijin-qin,2025-02-11,22:06:55,-08:00,2025-02-11T22:06:55-08:00,0,8
style.css,114,css,fa9cab36,zijin-qin,2025-02-11,22:06:55,-08:00,2025-02-11T22:06:55-08:00,0,26
style.css,115,css,fa9cab36,zijin-qin,2025-02-11,22:06:55,-08:00,2025-02-11T22:06:55-08:00,0,13
style.css,116,css,cb899008,zijin-qin,2025-01-18,21:49:10,-08:00,2025-01-18T21:49:10-08:00,0,0
style.css,117,css,fa9cab36,zijin-qin,2025-02-11,22:06:55,-08:00,2025-02-11T22:06:55-08:00,0,0
style.css,118,css,cb899008,zijin-qin,2025-01-18,21:49:10,-08:00,2025-01-18T21:49:10-08:00,0,0
style.css,119,css,fa9cab36,zijin-qin,2025-02-11,22:06:55,-08:00,2025-02-11T22:06:55-08:00,0,15
style.css,120,css,fa9cab36,zijin-qin,2025-02-11,22:06:55,-08:00,2025-02-11T22:06:55-08:00,0,3
style.css,121,css,fa9cab36,zijin-qin,2025-02-11,22:06:55,-08:00,2025-02-11T22:06:55-08:00,0,13
style.css,122,css,fa9cab36,zijin-qin,2025-02-11,22:06:55,-08:00,2025-02-11T22:06:55-08:00,0,38
style.css,123,css,fa9cab36,zijin-qin,2025-02-11,22:06:55,-08:00,2025-02-11T22:06:55-08:00,0,31
style.css,124,css,fa9cab36,zijin-qin,2025-02-11,22:06:55,-08:00,2025-02-11T22:06:55-08:00,0,15
style.css,125,css,fa9cab36,zijin-qin,2025-02-11,22:06:55,-08:00,2025-02-11T22:06:55-08:00,0,11
style.css,126,css,cb899008,zijin-qin,2025-01-18,21:49:10,-08:00,2025-01-18T21:49:10-08:00,0,0
style.css,127,css,fa9cab36,zijin-qin,2025-02-11,22:06:55,-08:00,2025-02-11T22:06:55-08:00,0,0
style.css,128,css,fa9cab36,zijin-qin,2025-02-11,22:06:55,-08:00,2025-02-11T22:06:55-08:00,0,3
style.css,129,css,fa9cab36,zijin-qin,2025-02-11,22:06:55,-08:00,2025-02-11T22:06:55-08:00,0,11
style.css,130,css,fa9cab36,zijin-qin,2025-02-11,22:06:55,-08:00,2025-02-11T22:06:55-08:00,0,15
style.css,131,css,fa9cab36,zijin-qin,2025-02-11,22:06:55,-08:00,2025-02-11T22:06:55-08:00,0,11
style.css,132,css,fa9cab36,zijin-qin,2025-02-11,22:06:55,-08:00,2025-02-11T22:06:55-08:00,0,25
style.css,133,css,cb899008,zijin-qin,2025-01-18,21:49:10,-08:00,2025-01-18T21:49:10-08:00,0,0
style.css,134,css,fa9cab36,zijin-qin,2025-02-11,22:06:55,-08:00,2025-02-11T22:06:55-08:00,0,0
style.css,135,css,fa9cab36,zijin-qin,2025-02-11,22:06:55,-08:00,2025-02-11T22:06:55-08:00,0,3
style.css,136,css,fa9cab36,zijin-qin,2025-02-11,22:06:55,-08:00,2025-02-11T22:06:55-08:00,0,11
style.css,137,css,fa9cab36,zijin-qin,2025-02-11,22:06:55,-08:00,2025-02-11T22:06:55-08:00,0,15
style.css,138,css,fa9cab36,zijin-qin,2025-02-11,22:06:55,-08:00,2025-02-11T22:06:55-08:00,0,19
style.css,139,css,fa9cab36,zijin-qin,2025-02-11,22:06:55,-08:00,2025-02-11T22:06:55-08:00,0,12
style.css,140,css,fa9cab36,zijin-qin,2025-02-11,22:06:55,-08:00,2025-02-11T22:06:55-08:00,0,18
style.css,141,css,fa9cab36,zijin-qin,2025-02-11,22:06:55,-08:00,2025-02-11T22:06:55-08:00,0,0
style.css,142,css,f5705bc9,zijin-qin,2025-02-15,15:31:29,-08:00,2025-02-15T15:31:29-08:00,0,0
style.css,143,css,f5705bc9,zijin-qin,2025-02-15,15:31:29,-08:00,2025-02-15T15:31:29-08:00,0,0
style.css,144,css,f5705bc9,zijin-qin,2025-02-15,15:31:29,-08:00,2025-02-15T15:31:29-08:00,0,17
style.css,145,css,f5705bc9,zijin-qin,2025-02-15,15:31:29,-08:00,2025-02-15T15:31:29-08:00,0,33
style.css,146,css,f5705bc9,zijin-qin,2025-02-15,15:31:29,-08:00,2025-02-15T15:31:29-08:00,0,35
style.css,147,css,f5705bc9,zijin-qin,2025-02-15,15:31:29,-08:00,2025-02-15T15:31:29-08:00,0,0
style.css,148,css,f5705bc9,zijin-qin,2025-02-15,15:31:29,-08:00,2025-02-15T15:31:29-08:00,0,14
style.css,149,css,f5705bc9,zijin-qin,2025-02-15,15:31:29,-08:00,2025-02-15T15:31:29-08:00,0,11
style.css,150,css,f5705bc9,zijin-qin,2025-02-15,15:31:29,-08:00,2025-02-15T15:31:29-08:00,0,0
style.css,151,css,f5705bc9,zijin-qin,2025-02-15,15:31:29,-08:00,2025-02-15T15:31:29-08:00,0,0
style.css,152,css,f5705bc9,zijin-qin,2025-02-15,15:31:29,-08:00,2025-02-15T15:31:29-08:00,0,0
style.css,153,css,f5705bc9,zijin-qin,2025-02-15,15:31:29,-08:00,2025-02-15T15:31:29-08:00,0,15
style.css,154,css,f5705bc9,zijin-qin,2025-02-15,15:31:29,-08:00,2025-02-15T15:31:29-08:00,0,15
style.css,155,css,f5705bc9,zijin-qin,2025-02-15,15:31:29,-08:00,2025-02-15T15:31:29-08:00,0,17
style.css,156,css,f5705bc9,zijin-qin,2025-02-15,15:31:29,-08:00,2025-02-15T15:31:29-08:00,0,0
style.css,157,css,f5705bc9,zijin-qin,2025-02-15,15:31:29,-08:00,2025-02-15T15:31:29-08:00,0,17
style.css,158,css,f5705bc9,zijin-qin,2025-02-15,15:31:29,-08:00,2025-02-15T15:31:29-08:00,0,0
style.css,159,css,f5705bc9,zijin-qin,2025-02-15,15:31:29,-08:00,2025-02-15T15:31:29-08:00,0,0
style.css,160,css,f5705bc9,zijin-qin,2025-02-15,15:31:29,-08:00,2025-02-15T15:31:29-08:00,0,8
style.css,161,css,f5705bc9,zijin-qin,2025-02-15,15:31:29,-08:00,2025-02-15T15:31:29-08:00,0,21
style.css,162,css,f5705bc9,zijin-qin,2025-02-15,15:31:29,-08:00,2025-02-15T15:31:29-08:00,0,10
style.css,163,css,f5705bc9,zijin-qin,2025-02-15,15:31:29,-08:00,2025-02-15T15:31:29-08:00,0,11
style.css,164,css,f5705bc9,zijin-qin,2025-02-15,15:31:29,-08:00,2025-02-15T15:31:29-08:00,0,19
style.css,165,css,f5705bc9,zijin-qin,2025-02-15,15:31:29,-08:00,2025-02-15T15:31:29-08:00,0,30
style.css,166,css,f5705bc9,zijin-qin,2025-02-15,15:31:29,-08:00,2025-02-15T15:31:29-08:00,0,18
style.css,167,css,f5705bc9,zijin-qin,2025-02-15,15:31:29,-08:00,2025-02-15T15:31:29-08:00,0,0
style.css,168,css,f5705bc9,zijin-qin,2025-02-15,15:31:29,-08:00,2025-02-15T15:31:29-08:00,0,0
style.css,169,css,f5705bc9,zijin-qin,2025-02-15,15:31:29,-08:00,2025-02-15T15:31:29-08:00,0,8
style.css,170,css,f5705bc9,zijin-qin,2025-02-15,15:31:29,-08:00,2025-02-15T15:31:29-08:00,0,13
style.css,171,css,f5705bc9,zijin-qin,2025-02-15,15:31:29,-08:00,2025-02-15T15:31:29-08:00,0,58
style.css,172,css,f5705bc9,zijin-qin,2025-02-15,15:31:29,-08:00,2025-02-15T15:31:29-08:00,0,8
style.css,173,css,f5705bc9,zijin-qin,2025-02-15,15:31:29,-08:00,2025-02-15T15:31:29-08:00,0,22
style.css,174,css,f5705bc9,zijin-qin,2025-02-15,15:31:29,-08:00,2025-02-15T15:31:29-08:00,0,12
style.css,175,css,f5705bc9,zijin-qin,2025-02-15,15:31:29,-08:00,2025-02-15T15:31:29-08:00,0,11
style.css,176,css,f5705bc9,zijin-qin,2025-02-15,15:31:29,-08:00,2025-02-15T15:31:29-08:00,0,21
style.css,177,css,f5705bc9,zijin-qin,2025-02-15,15:31:29,-08:00,2025-02-15T15:31:29-08:00,0,7
style.css,178,css,f5705bc9,zijin-qin,2025-02-15,15:31:29,-08:00,2025-02-15T15:31:29-08:00,0,0
style.css,179,css,f5705bc9,zijin-qin,2025-02-15,15:31:29,-08:00,2025-02-15T15:31:29-08:00,0,0
style.css,180,css,f5705bc9,zijin-qin,2025-02-15,15:31:29,-08:00,2025-02-15T15:31:29-08:00,0,13
style.css,181,css,f5705bc9,zijin-qin,2025-02-15,15:31:29,-08:00,2025-02-15T15:31:29-08:00,0,13
style.css,182,css,f5705bc9,zijin-qin,2025-02-15,15:31:29,-08:00,2025-02-15T15:31:29-08:00,0,19
style.css,183,css,f5705bc9,zijin-qin,2025-02-15,15:31:29,-08:00,2025-02-15T15:31:29-08:00,0,10
style.css,184,css,f5705bc9,zijin-qin,2025-02-15,15:31:29,-08:00,2025-02-15T15:31:29-08:00,0,0
style.css,185,css,f5705bc9,zijin-qin,2025-02-15,15:31:29,-08:00,2025-02-15T15:31:29-08:00,0,3
style.css,186,css,f5705bc9,zijin-qin,2025-02-15,15:31:29,-08:00,2025-02-15T15:31:29-08:00,0,18
style.css,187,css,f5705bc9,zijin-qin,2025-02-15,15:31:29,-08:00,2025-02-15T15:31:29-08:00,0,11
style.css,188,css,f5705bc9,zijin-qin,2025-02-15,15:31:29,-08:00,2025-02-15T15:31:29-08:00,0,0
style.css,189,css,f5705bc9,zijin-qin,2025-02-15,15:31:29,-08:00,2025-02-15T15:31:29-08:00,0,0
style.css,190,css,f5705bc9,zijin-qin,2025-02-15,15:31:29,-08:00,2025-02-15T15:31:29-08:00,0,0
style.css,191,css,f5705bc9,zijin-qin,2025-02-15,15:31:29,-08:00,2025-02-15T15:31:29-08:00,0,11
style.css,192,css,f5705bc9,zijin-qin,2025-02-15,15:31:29,-08:00,2025-02-15T15:31:29-08:00,0,13
style.css,193,css,f5705bc9,zijin-qin,2025-02-15,15:31:29,-08:00,2025-02-15T15:31:29-08:00,0,19
style.css,194,css,f5705bc9,zijin-qin,2025-02-15,15:31:29,-08:00,2025-02-15T15:31:29-08:00,0,8
style.css,195,css,f5705bc9,zijin-qin,2025-02-15,15:31:29,-08:00,2025-02-15T15:31:29-08:00,0,0
style.css,196,css,f5705bc9,zijin-qin,2025-02-15,15:31:29,-08:00,2025-02-15T15:31:29-08:00,0,0
style.css,197,css,f5705bc9,zijin-qin,2025-02-15,15:31:29,-08:00,2025-02-15T15:31:29-08:00,0,31
style.css,198,css,f5705bc9,zijin-qin,2025-02-15,15:31:29,-08:00,2025-02-15T15:31:29-08:00,0,0
style.css,199,css,f5705bc9,zijin-qin,2025-02-15,15:31:29,-08:00,2025-02-15T15:31:29-08:00,0,18
style.css,200,css,f5705bc9,zijin-qin,2025-02-15,15:31:29,-08:00,2025-02-15T15:31:29-08:00,0,17
style.css,201,css,f5705bc9,zijin-qin,2025-02-15,15:31:29,-08:00,2025-02-15T15:31:29-08:00,0,12
style.css,202,css,f5705bc9,zijin-qin,2025-02-15,15:31:29,-08:00,2025-02-15T15:31:29-08:00,0,0
style.css,203,css,f5705bc9,zijin-qin,2025-02-15,15:31:29,-08:00,2025-02-15T15:31:29-08:00,0,0
style.css,204,css,f5705bc9,zijin-qin,2025-02-15,15:31:29,-08:00,2025-02-15T15:31:29-08:00,0,5
style.css,205,css,f5705bc9,zijin-qin,2025-02-15,15:31:29,-08:00,2025-02-15T15:31:29-08:00,0,17
style.css,206,css,f5705bc9,zijin-qin,2025-02-15,15:31:29,-08:00,2025-02-15T15:31:29-08:00,0,15
style.css,207,css,f5705bc9,zijin-qin,2025-02-15,15:31:29,-08:00,2025-02-15T15:31:29-08:00,0,0
style.css,208,css,f5705bc9,zijin-qin,2025-02-15,15:31:29,-08:00,2025-02-15T15:31:29-08:00,0,0
style.css,209,css,f5705bc9,zijin-qin,2025-02-15,15:31:29,-08:00,2025-02-15T15:31:29-08:00,0,0
style.css,210,css,f5705bc9,zijin-qin,2025-02-15,15:31:29,-08:00,2025-02-15T15:31:29-08:00,0,10
style.css,211,css,f5705bc9,zijin-qin,2025-02-15,15:31:29,-08:00,2025-02-15T15:31:29-08:00,0,36
style.css,212,css,f5705bc9,zijin-qin,2025-02-15,15:31:29,-08:00,2025-02-15T15:31:29-08:00,0,0
style.css,213,css,f5705bc9,zijin-qin,2025-02-15,15:31:29,-08:00,2025-02-15T15:31:29-08:00,0,11
style.css,214,css,f5705bc9,zijin-qin,2025-02-15,15:31:29,-08:00,2025-02-15T15:31:29-08:00,0,18
style.css,215,css,f5705bc9,zijin-qin,2025-02-15,15:31:29,-08:00,2025-02-15T15:31:29-08:00,0,0
style.css,216,css,fa9cab36,zijin-qin,2025-02-11,22:06:55,-08:00,2025-02-11T22:06:55-08:00,0,0
index.js,1,js,fa9cab36,zijin-qin,2025-02-11,22:06:55,-08:00,2025-02-11T22:06:55-08:00,0,72
index.js,2,js,fa9cab36,zijin-qin,2025-02-11,22:06:55,-08:00,2025-02-11T22:06:55-08:00,0,55
index.js,3,js,fa9cab36,zijin-qin,2025-02-11,22:06:55,-08:00,2025-02-11T22:06:55-08:00,0,43
index.js,4,js,fa9cab36,zijin-qin,2025-02-11,22:06:55,-08:00,2025-02-11T22:06:55-08:00,0,61
index.js,5,js,fa9cab36,zijin-qin,2025-02-11,22:06:55,-08:00,2025-02-11T22:06:55-08:00,0,55
index.js,6,js,fa9cab36,zijin-qin,2025-02-11,22:06:55,-08:00,2025-02-11T22:06:55-08:00,0,0
index.js,7,js,fa9cab36,zijin-qin,2025-02-11,22:06:55,-08:00,2025-02-11T22:06:55-08:00,0,53
index.js,8,js,fa9cab36,zijin-qin,2025-02-11,22:06:55,-08:00,2025-02-11T22:06:55-08:00,0,61
index.js,9,js,fa9cab36,zijin-qin,2025-02-11,22:06:55,-08:00,2025-02-11T22:06:55-08:00,0,18
index.js,10,js,fa9cab36,zijin-qin,2025-02-11,22:06:55,-08:00,2025-02-11T22:06:55-08:00,0,25
index.js,11,js,fa9cab36,zijin-qin,2025-02-11,22:06:55,-08:00,2025-02-11T22:06:55-08:00,0,3
index.js,12,js,fa9cab36,zijin-qin,2025-02-11,22:06:55,-08:00,2025-02-11T22:06:55-08:00,0,56
index.js,13,js,fa9cab36,zijin-qin,2025-02-11,22:06:55,-08:00,2025-02-11T22:06:55-08:00,0,56
index.js,14,js,fa9cab36,zijin-qin,2025-02-11,22:06:55,-08:00,2025-02-11T22:06:55-08:00,0,50
index.js,15,js,fa9cab36,zijin-qin,2025-02-11,22:06:55,-08:00,2025-02-11T22:06:55-08:00,0,50
index.js,16,js,fa9cab36,zijin-qin,2025-02-11,22:06:55,-08:00,2025-02-11T22:06:55-08:00,0,4
index.js,17,js,fa9cab36,zijin-qin,2025-02-11,22:06:55,-08:00,2025-02-11T22:06:55-08:00,0,1
index.js,18,js,fa9cab36,zijin-qin,2025-02-11,22:06:55,-08:00,2025-02-11T22:06:55-08:00,0,0
index.html,1,html,b2c291eb,zijin-qin,2025-01-10,12:18:25,-08:00,2025-01-10T12:18:25-08:00,0,14
index.html,2,html,bb23ac2f,zijin-qin,2025-01-26,00:16:59,-08:00,2025-01-26T00:16:59-08:00,0,28
index.html,3,html,b2c291eb,zijin-qin,2025-01-10,12:18:25,-08:00,2025-01-10T12:18:25-08:00,0,5
index.html,4,html,b2c291eb,zijin-qin,2025-01-10,12:18:25,-08:00,2025-01-10T12:18:25-08:00,0,21
index.html,5,html,b2c291eb,zijin-qin,2025-01-10,12:18:25,-08:00,2025-01-10T12:18:25-08:00,0,69
index.html,6,html,b2c291eb,zijin-qin,2025-01-10,12:18:25,-08:00,2025-01-10T12:18:25-08:00,0,52
index.html,7,html,3d40ff52,zijin-qin,2025-01-10,12:39:16,-08:00,2025-01-10T12:39:16-08:00,0,39
index.html,8,html,0bc18463,zijin-qin,2025-01-25,19:53:43,-08:00,2025-01-25T19:53:43-08:00,0,46
index.html,9,html,b2c291eb,zijin-qin,2025-01-10,12:18:25,-08:00,2025-01-10T12:18:25-08:00,0,6
index.html,10,html,b2c291eb,zijin-qin,2025-01-10,12:18:25,-08:00,2025-01-10T12:18:25-08:00,0,5
index.html,11,html,b2c291eb,zijin-qin,2025-01-10,12:18:25,-08:00,2025-01-10T12:18:25-08:00,0,17
index.html,12,html,760d6cf5,zijin-qin,2025-01-10,13:08:13,-08:00,2025-01-10T13:08:13-08:00,0,137
index.html,13,html,6092306e,zijin-qin,2025-01-10,12:35:54,-08:00,2025-01-10T12:35:54-08:00,0,0
index.html,14,html,6092306e,zijin-qin,2025-01-10,12:35:54,-08:00,2025-01-10T12:35:54-08:00,0,100
index.html,15,html,fa9cab36,zijin-qin,2025-02-11,22:06:55,-08:00,2025-02-11T22:06:55-08:00,0,0
index.html,16,html,fa9cab36,zijin-qin,2025-02-11,22:06:55,-08:00,2025-02-11T22:06:55-08:00,0,23
index.html,17,html,fa9cab36,zijin-qin,2025-02-11,22:06:55,-08:00,2025-02-11T22:06:55-08:00,0,21
index.html,18,html,fa9cab36,zijin-qin,2025-02-11,22:06:55,-08:00,2025-02-11T22:06:55-08:00,0,50
index.html,19,html,fa9cab36,zijin-qin,2025-02-11,22:06:55,-08:00,2025-02-11T22:06:55-08:00,0,5
index.html,20,html,fa9cab36,zijin-qin,2025-02-11,22:06:55,-08:00,2025-02-11T22:06:55-08:00,0,51
index.html,21,html,fa9cab36,zijin-qin,2025-02-11,22:06:55,-08:00,2025-02-11T22:06:55-08:00,0,0
index.html,22,html,fa9cab36,zijin-qin,2025-02-11,22:06:55,-08:00,2025-02-11T22:06:55-08:00,0,23
index.html,23,html,fa9cab36,zijin-qin,2025-02-11,22:06:55,-08:00,2025-02-11T22:06:55-08:00,0,23
index.html,24,html,fa9cab36,zijin-qin,2025-02-11,22:06:55,-08:00,2025-02-11T22:06:55-08:00,0,50
index.html,25,html,fa9cab36,zijin-qin,2025-02-11,22:06:55,-08:00,2025-02-11T22:06:55-08:00,0,5
index.html,26,html,b2c291eb,zijin-qin,2025-01-10,12:18:25,-08:00,2025-01-10T12:18:25-08:00,0,6
index.html,27,html,b2c291eb,zijin-qin,2025-01-10,12:18:25,-08:00,2025-01-10T12:18:25-08:00,0,6
global.js,1,js,0bc18463,zijin-qin,2025-01-25,19:53:43,-08:00,2025-01-25T19:53:43-08:00,0,26
global.js,2,js,0bc18463,zijin-qin,2025-01-25,19:53:43,-08:00,2025-01-25T19:53:43-08:00,0,0
global.js,3,js,0bc18463,zijin-qin,2025-01-25,19:53:43,-08:00,2025-01-25T19:53:43-08:00,0,42
global.js,4,js,0bc18463,zijin-qin,2025-01-25,19:53:43,-08:00,2025-01-25T19:53:43-08:00,0,53
global.js,5,js,482c38e9,zijin-qin,2025-01-25,23:32:37,-08:00,2025-01-25T23:32:37-08:00,0,0
global.js,6,js,482c38e9,zijin-qin,2025-01-25,23:32:37,-08:00,2025-01-25T23:32:37-08:00,0,0
global.js,7,js,482c38e9,zijin-qin,2025-01-25,23:32:37,-08:00,2025-01-25T23:32:37-08:00,0,12
global.js,8,js,c8496b95,zijin-qin,2025-01-26,01:02:21,-08:00,2025-01-26T01:02:21-08:00,0,26
global.js,9,js,c8496b95,zijin-qin,2025-01-26,01:02:21,-08:00,2025-01-26T01:02:21-08:00,0,39
global.js,10,js,99263002,zijin-qin,2025-02-15,16:05:27,-08:00,2025-02-15T16:05:27-08:00,0,40
global.js,11,js,99263002,zijin-qin,2025-02-15,16:05:27,-08:00,2025-02-15T16:05:27-08:00,0,35
global.js,12,js,99263002,zijin-qin,2025-02-15,16:05:27,-08:00,2025-02-15T16:05:27-08:00,0,31
global.js,13,js,99263002,zijin-qin,2025-02-15,16:05:27,-08:00,2025-02-15T16:05:27-08:00,0,58
global.js,14,js,482c38e9,zijin-qin,2025-01-25,23:32:37,-08:00,2025-01-25T23:32:37-08:00,0,1
global.js,15,js,482c38e9,zijin-qin,2025-01-25,23:32:37,-08:00,2025-01-25T23:32:37-08:00,0,0
global.js,16,js,482c38e9,zijin-qin,2025-01-25,23:32:37,-08:00,2025-01-25T23:32:37-08:00,0,39
global.js,17,js,482c38e9,zijin-qin,2025-01-25,23:32:37,-08:00,2025-01-25T23:32:37-08:00,0,26
global.js,18,js,482c38e9,zijin-qin,2025-01-25,23:32:37,-08:00,2025-01-25T23:32:37-08:00,0,0
global.js,19,js,482c38e9,zijin-qin,2025-01-25,23:32:37,-08:00,2025-01-25T23:32:37-08:00,0,21
global.js,20,js,482c38e9,zijin-qin,2025-01-25,23:32:37,-08:00,2025-01-25T23:32:37-08:00,0,15
global.js,21,js,482c38e9,zijin-qin,2025-01-25,23:32:37,-08:00,2025-01-25T23:32:37-08:00,0,19
global.js,22,js,482c38e9,zijin-qin,2025-01-25,23:32:37,-08:00,2025-01-25T23:32:37-08:00,0,0
global.js,23,js,9fa18e50,zijin-qin,2025-01-26,00:50:05,-08:00,2025-01-26T00:50:05-08:00,0,71
global.js,24,js,9fa18e50,zijin-qin,2025-01-26,00:50:05,-08:00,2025-01-26T00:50:05-08:00,0,45
global.js,25,js,8dc1ea37,zijin-qin,2025-02-11,17:42:00,-08:00,2025-02-11T17:42:00-08:00,0,17
global.js,26,js,9fa18e50,zijin-qin,2025-01-26,00:50:05,-08:00,2025-01-26T00:50:05-08:00,0,0
global.js,27,js,482c38e9,zijin-qin,2025-01-25,23:32:37,-08:00,2025-01-25T23:32:37-08:00,0,0
global.js,28,js,482c38e9,zijin-qin,2025-01-25,23:32:37,-08:00,2025-01-25T23:32:37-08:00,0,35
global.js,29,js,482c38e9,zijin-qin,2025-01-25,23:32:37,-08:00,2025-01-25T23:32:37-08:00,0,12
global.js,30,js,482c38e9,zijin-qin,2025-01-25,23:32:37,-08:00,2025-01-25T23:32:37-08:00,0,21
global.js,31,js,482c38e9,zijin-qin,2025-01-25,23:32:37,-08:00,2025-01-25T23:32:37-08:00,0,13
global.js,32,js,482c38e9,zijin-qin,2025-01-25,23:32:37,-08:00,2025-01-25T23:32:37-08:00,0,0
global.js,33,js,482c38e9,zijin-qin,2025-01-25,23:32:37,-08:00,2025-01-25T23:32:37-08:00,0,66
global.js,34,js,482c38e9,zijin-qin,2025-01-25,23:32:37,-08:00,2025-01-25T23:32:37-08:00,0,26
global.js,35,js,482c38e9,zijin-qin,2025-01-25,23:32:37,-08:00,2025-01-25T23:32:37-08:00,0,0
global.js,36,js,482c38e9,zijin-qin,2025-01-25,23:32:37,-08:00,2025-01-25T23:32:37-08:00,0,0
global.js,37,js,482c38e9,zijin-qin,2025-01-25,23:32:37,-08:00,2025-01-25T23:32:37-08:00,0,31
global.js,38,js,482c38e9,zijin-qin,2025-01-25,23:32:37,-08:00,2025-01-25T23:32:37-08:00,0,30
global.js,39,js,482c38e9,zijin-qin,2025-01-25,23:32:37,-08:00,2025-01-25T23:32:37-08:00,0,19
global.js,40,js,482c38e9,zijin-qin,2025-01-25,23:32:37,-08:00,2025-01-25T23:32:37-08:00,0,0
global.js,41,js,482c38e9,zijin-qin,2025-01-25,23:32:37,-08:00,2025-01-25T23:32:37-08:00,0,0
global.js,42,js,482c38e9,zijin-qin,2025-01-25,23:32:37,-08:00,2025-01-25T23:32:37-08:00,0,0
global.js,43,js,482c38e9,zijin-qin,2025-01-25,23:32:37,-08:00,2025-01-25T23:32:37-08:00,0,32
global.js,44,js,482c38e9,zijin-qin,2025-01-25,23:32:37,-08:00,2025-01-25T23:32:37-08:00,0,12
global.js,45,js,482c38e9,zijin-qin,2025-01-25,23:32:37,-08:00,2025-01-25T23:32:37-08:00,0,0
global.js,46,js,482c38e9,zijin-qin,2025-01-25,23:32:37,-08:00,2025-01-25T23:32:37-08:00,0,27
global.js,47,js,482c38e9,zijin-qin,2025-01-25,23:32:37,-08:00,2025-01-25T23:32:37-08:00,0,5
global.js,48,js,482c38e9,zijin-qin,2025-01-25,23:32:37,-08:00,2025-01-25T23:32:37-08:00,0,7
global.js,49,js,482c38e9,zijin-qin,2025-01-25,23:32:37,-08:00,2025-01-25T23:32:37-08:00,0,44
global.js,50,js,482c38e9,zijin-qin,2025-01-25,23:32:37,-08:00,2025-01-25T23:32:37-08:00,0,35
global.js,51,js,482c38e9,zijin-qin,2025-01-25,23:32:37,-08:00,2025-01-25T23:32:37-08:00,0,33
global.js,52,js,482c38e9,zijin-qin,2025-01-25,23:32:37,-08:00,2025-01-25T23:32:37-08:00,0,8
global.js,53,js,482c38e9,zijin-qin,2025-01-25,23:32:37,-08:00,2025-01-25T23:32:37-08:00,0,8
global.js,54,js,482c38e9,zijin-qin,2025-01-25,23:32:37,-08:00,2025-01-25T23:32:37-08:00,0,1
global.js,55,js,482c38e9,zijin-qin,2025-01-25,23:32:37,-08:00,2025-01-25T23:32:37-08:00,0,0
global.js,56,js,482c38e9,zijin-qin,2025-01-25,23:32:37,-08:00,2025-01-25T23:32:37-08:00,0,52
global.js,57,js,482c38e9,zijin-qin,2025-01-25,23:32:37,-08:00,2025-01-25T23:32:37-08:00,0,0
global.js,58,js,482c38e9,zijin-qin,2025-01-25,23:32:37,-08:00,2025-01-25T23:32:37-08:00,0,30
global.js,59,js,482c38e9,zijin-qin,2025-01-25,23:32:37,-08:00,2025-01-25T23:32:37-08:00,0,84
global.js,60,js,482c38e9,zijin-qin,2025-01-25,23:32:37,-08:00,2025-01-25T23:32:37-08:00,0,39
global.js,61,js,482c38e9,zijin-qin,2025-01-25,23:32:37,-08:00,2025-01-25T23:32:37-08:00,0,0
global.js,62,js,482c38e9,zijin-qin,2025-01-25,23:32:37,-08:00,2025-01-25T23:32:37-08:00,0,0
global.js,63,js,482c38e9,zijin-qin,2025-01-25,23:32:37,-08:00,2025-01-25T23:32:37-08:00,0,50
global.js,64,js,482c38e9,zijin-qin,2025-01-25,23:32:37,-08:00,2025-01-25T23:32:37-08:00,0,58
global.js,65,js,482c38e9,zijin-qin,2025-01-25,23:32:37,-08:00,2025-01-25T23:32:37-08:00,0,78
global.js,66,js,482c38e9,zijin-qin,2025-01-25,23:32:37,-08:00,2025-01-25T23:32:37-08:00,0,0
global.js,67,js,482c38e9,zijin-qin,2025-01-25,23:32:37,-08:00,2025-01-25T23:32:37-08:00,0,45
global.js,68,js,8dc1ea37,zijin-qin,2025-02-11,17:42:00,-08:00,2025-02-11T17:42:00-08:00,0,2
global.js,69,js,8dc1ea37,zijin-qin,2025-02-11,17:42:00,-08:00,2025-02-11T17:42:00-08:00,0,0
global.js,70,js,8dc1ea37,zijin-qin,2025-02-11,17:42:00,-08:00,2025-02-11T17:42:00-08:00,0,37
global.js,71,js,8dc1ea37,zijin-qin,2025-02-11,17:42:00,-08:00,2025-02-11T17:42:00-08:00,0,4
global.js,72,js,8dc1ea37,zijin-qin,2025-02-11,17:42:00,-08:00,2025-02-11T17:42:00-08:00,0,40
global.js,73,js,8dc1ea37,zijin-qin,2025-02-11,17:42:00,-08:00,2025-02-11T17:42:00-08:00,0,33
global.js,74,js,8dc1ea37,zijin-qin,2025-02-11,17:42:00,-08:00,2025-02-11T17:42:00-08:00,0,18
global.js,75,js,8dc1ea37,zijin-qin,2025-02-11,17:42:00,-08:00,2025-02-11T17:42:00-08:00,0,67
global.js,76,js,8dc1ea37,zijin-qin,2025-02-11,17:42:00,-08:00,2025-02-11T17:42:00-08:00,0,0
global.js,77,js,8dc1ea37,zijin-qin,2025-02-11,17:42:00,-08:00,2025-02-11T17:42:00-08:00,0,34
global.js,78,js,8dc1ea37,zijin-qin,2025-02-11,17:42:00,-08:00,2025-02-11T17:42:00-08:00,0,11
global.js,79,js,8dc1ea37,zijin-qin,2025-02-11,17:42:00,-08:00,2025-02-11T17:42:00-08:00,0,16
global.js,80,js,8dc1ea37,zijin-qin,2025-02-11,17:42:00,-08:00,2025-02-11T17:42:00-08:00,0,60
global.js,81,js,8dc1ea37,zijin-qin,2025-02-11,17:42:00,-08:00,2025-02-11T17:42:00-08:00,0,0
global.js,82,js,8dc1ea37,zijin-qin,2025-02-11,17:42:00,-08:00,2025-02-11T17:42:00-08:00,0,0
global.js,83,js,8dc1ea37,zijin-qin,2025-02-11,17:42:00,-08:00,2025-02-11T17:42:00-08:00,0,0
global.js,84,js,bc77d548,zijin-qin,2025-02-11,20:29:16,-08:00,2025-02-11T20:29:16-08:00,0,79
global.js,85,js,fa9cab36,zijin-qin,2025-02-11,22:06:55,-08:00,2025-02-11T22:06:55-08:00,0,31
global.js,86,js,bc77d548,zijin-qin,2025-02-11,20:29:16,-08:00,2025-02-11T20:29:16-08:00,0,0
global.js,87,js,fa9cab36,zijin-qin,2025-02-11,22:06:55,-08:00,2025-02-11T22:06:55-08:00,0,63
global.js,88,js,fa9cab36,zijin-qin,2025-02-11,22:06:55,-08:00,2025-02-11T22:06:55-08:00,0,19
global.js,89,js,fa9cab36,zijin-qin,2025-02-11,22:06:55,-08:00,2025-02-11T22:06:55-08:00,0,54
global.js,90,js,fa9cab36,zijin-qin,2025-02-11,22:06:55,-08:00,2025-02-11T22:06:55-08:00,0,0
global.js,91,js,bc77d548,zijin-qin,2025-02-11,20:29:16,-08:00,2025-02-11T20:29:16-08:00,0,0
global.js,92,js,fa9cab36,zijin-qin,2025-02-11,22:06:55,-08:00,2025-02-11T22:06:55-08:00,0,23
global.js,93,js,fa9cab36,zijin-qin,2025-02-11,22:06:55,-08:00,2025-02-11T22:06:55-08:00,0,58
global.js,94,js,fa9cab36,zijin-qin,2025-02-11,22:06:55,-08:00,2025-02-11T22:06:55-08:00,0,43
global.js,95,js,fa9cab36,zijin-qin,2025-02-11,22:06:55,-08:00,2025-02-11T22:06:55-08:00,0,61
global.js,96,js,fa9cab36,zijin-qin,2025-02-11,22:06:55,-08:00,2025-02-11T22:06:55-08:00,0,0
global.js,97,js,bc77d548,zijin-qin,2025-02-11,20:29:16,-08:00,2025-02-11T20:29:16-08:00,0,0
global.js,98,js,fa9cab36,zijin-qin,2025-02-11,22:06:55,-08:00,2025-02-11T22:06:55-08:00,0,50
global.js,99,js,fa9cab36,zijin-qin,2025-02-11,22:06:55,-08:00,2025-02-11T22:06:55-08:00,0,41
global.js,100,js,fa9cab36,zijin-qin,2025-02-11,22:06:55,-08:00,2025-02-11T22:06:55-08:00,0,50
global.js,101,js,bc77d548,zijin-qin,2025-02-11,20:29:16,-08:00,2025-02-11T20:29:16-08:00,0,0
global.js,102,js,fa9cab36,zijin-qin,2025-02-11,22:06:55,-08:00,2025-02-11T22:06:55-08:00,0,24
global.js,103,js,fa9cab36,zijin-qin,2025-02-11,22:06:55,-08:00,2025-02-11T22:06:55-08:00,0,24
global.js,104,js,fa9cab36,zijin-qin,2025-02-11,22:06:55,-08:00,2025-02-11T22:06:55-08:00,0,36
global.js,105,js,f5705bc9,zijin-qin,2025-02-15,15:31:29,-08:00,2025-02-15T15:31:29-08:00,0,22
global.js,106,js,bc77d548,zijin-qin,2025-02-11,20:29:16,-08:00,2025-02-11T20:29:16-08:00,0,0
global.js,107,js,fa9cab36,zijin-qin,2025-02-11,22:06:55,-08:00,2025-02-11T22:06:55-08:00,0,49
global.js,108,js,fa9cab36,zijin-qin,2025-02-11,22:06:55,-08:00,2025-02-11T22:06:55-08:00,0,20
global.js,109,js,fa9cab36,zijin-qin,2025-02-11,22:06:55,-08:00,2025-02-11T22:06:55-08:00,0,42
global.js,110,js,fa9cab36,zijin-qin,2025-02-11,22:06:55,-08:00,2025-02-11T22:06:55-08:00,0,34
global.js,111,js,f5705bc9,zijin-qin,2025-02-15,15:31:29,-08:00,2025-02-15T15:31:29-08:00,0,28
global.js,112,js,f5705bc9,zijin-qin,2025-02-15,15:31:29,-08:00,2025-02-15T15:31:29-08:00,0,20
global.js,113,js,f5705bc9,zijin-qin,2025-02-15,15:31:29,-08:00,2025-02-15T15:31:29-08:00,0,37
global.js,114,js,f5705bc9,zijin-qin,2025-02-15,15:31:29,-08:00,2025-02-15T15:31:29-08:00,0,5
global.js,115,js,fa9cab36,zijin-qin,2025-02-11,22:06:55,-08:00,2025-02-11T22:06:55-08:00,0,1
global.js,116,js,fa9cab36,zijin-qin,2025-02-11,22:06:55,-08:00,2025-02-11T22:06:55-08:00,0,37
global.js,117,js,bc77d548,zijin-qin,2025-02-11,20:29:16,-08:00,2025-02-11T20:29:16-08:00,0,0
global.js,118,js,fa9cab36,zijin-qin,2025-02-11,22:06:55,-08:00,2025-02-11T22:06:55-08:00,0,0
global.js,119,js,fa9cab36,zijin-qin,2025-02-11,22:06:55,-08:00,2025-02-11T22:06:55-08:00,0,0
global.js,120,js,fa9cab36,zijin-qin,2025-02-11,22:06:55,-08:00,2025-02-11T22:06:55-08:00,0,0
global.js,121,js,fa9cab36,zijin-qin,2025-02-11,22:06:55,-08:00,2025-02-11T22:06:55-08:00,0,48
global.js,122,js,fa9cab36,zijin-qin,2025-02-11,22:06:55,-08:00,2025-02-11T22:06:55-08:00,0,60
global.js,123,js,fa9cab36,zijin-qin,2025-02-11,22:06:55,-08:00,2025-02-11T22:06:55-08:00,0,0
resume/index.html,1,html,3668f34e,zijin-qin,2025-01-10,13:57:02,-08:00,2025-01-10T13:57:02-08:00,0,14
resume/index.html,2,html,3668f34e,zijin-qin,2025-01-10,13:57:02,-08:00,2025-01-10T13:57:02-08:00,0,15
resume/index.html,3,html,3668f34e,zijin-qin,2025-01-10,13:57:02,-08:00,2025-01-10T13:57:02-08:00,0,5
resume/index.html,4,html,3668f34e,zijin-qin,2025-01-10,13:57:02,-08:00,2025-01-10T13:57:02-08:00,0,21
resume/index.html,5,html,3668f34e,zijin-qin,2025-01-10,13:57:02,-08:00,2025-01-10T13:57:02-08:00,0,69
resume/index.html,6,html,3668f34e,zijin-qin,2025-01-10,13:57:02,-08:00,2025-01-10T13:57:02-08:00,0,20
resume/index.html,7,html,3668f34e,zijin-qin,2025-01-10,13:57:02,-08:00,2025-01-10T13:57:02-08:00,0,42
resume/index.html,8,html,0bc18463,zijin-qin,2025-01-25,19:53:43,-08:00,2025-01-25T19:53:43-08:00,0,49
resume/index.html,9,html,3668f34e,zijin-qin,2025-01-10,13:57:02,-08:00,2025-01-10T13:57:02-08:00,0,6
resume/index.html,10,html,3668f34e,zijin-qin,2025-01-10,13:57:02,-08:00,2025-01-10T13:57:02-08:00,0,5
resume/index.html,11,html,cea0cf4d,zijin-qin,2025-01-10,20:07:40,-08:00,2025-01-10T20:07:40-08:00,0,23
resume/index.html,12,html,cea0cf4d,zijin-qin,2025-01-10,20:07:40,-08:00,2025-01-10T20:07:40-08:00,0,0
resume/index.html,13,html,cea0cf4d,zijin-qin,2025-01-10,20:07:40,-08:00,2025-01-10T20:07:40-08:00,0,8
resume/index.html,14,html,cea0cf4d,zijin-qin,2025-01-10,20:07:40,-08:00,2025-01-10T20:07:40-08:00,0,30
resume/index.html,15,html,cea0cf4d,zijin-qin,2025-01-10,20:07:40,-08:00,2025-01-10T20:07:40-08:00,0,30
resume/index.html,16,html,cea0cf4d,zijin-qin,2025-01-10,20:07:40,-08:00,2025-01-10T20:07:40-08:00,0,48
resume/index.html,17,html,cea0cf4d,zijin-qin,2025-01-10,20:07:40,-08:00,2025-01-10T20:07:40-08:00,0,9
resume/index.html,18,html,cea0cf4d,zijin-qin,2025-01-10,20:07:40,-08:00,2025-01-10T20:07:40-08:00,0,0
resume/index.html,19,html,cea0cf4d,zijin-qin,2025-01-10,20:07:40,-08:00,2025-01-10T20:07:40-08:00,0,8
resume/index.html,20,html,cea0cf4d,zijin-qin,2025-01-10,20:07:40,-08:00,2025-01-10T20:07:40-08:00,0,17
resume/index.html,21,html,cea0cf4d,zijin-qin,2025-01-10,20:07:40,-08:00,2025-01-10T20:07:40-08:00,0,58
resume/index.html,22,html,cea0cf4d,zijin-qin,2025-01-10,20:07:40,-08:00,2025-01-10T20:07:40-08:00,0,55
resume/index.html,23,html,cea0cf4d,zijin-qin,2025-01-10,20:07:40,-08:00,2025-01-10T20:07:40-08:00,0,48
resume/index.html,24,html,cea0cf4d,zijin-qin,2025-01-10,20:07:40,-08:00,2025-01-10T20:07:40-08:00,0,68
resume/index.html,25,html,cea0cf4d,zijin-qin,2025-01-10,20:07:40,-08:00,2025-01-10T20:07:40-08:00,0,9
resume/index.html,26,html,cea0cf4d,zijin-qin,2025-01-10,20:07:40,-08:00,2025-01-10T20:07:40-08:00,0,0
resume/index.html,27,html,cea0cf4d,zijin-qin,2025-01-10,20:07:40,-08:00,2025-01-10T20:07:40-08:00,0,8
resume/index.html,28,html,cea0cf4d,zijin-qin,2025-01-10,20:07:40,-08:00,2025-01-10T20:07:40-08:00,0,27
resume/index.html,29,html,cea0cf4d,zijin-qin,2025-01-10,20:07:40,-08:00,2025-01-10T20:07:40-08:00,0,3
resume/index.html,30,html,cea0cf4d,zijin-qin,2025-01-10,20:07:40,-08:00,2025-01-10T20:07:40-08:00,0,89
resume/index.html,31,html,cea0cf4d,zijin-qin,2025-01-10,20:07:40,-08:00,2025-01-10T20:07:40-08:00,0,91
resume/index.html,32,html,cea0cf4d,zijin-qin,2025-01-10,20:07:40,-08:00,2025-01-10T20:07:40-08:00,0,29
resume/index.html,33,html,cea0cf4d,zijin-qin,2025-01-10,20:07:40,-08:00,2025-01-10T20:07:40-08:00,0,86
resume/index.html,34,html,cea0cf4d,zijin-qin,2025-01-10,20:07:40,-08:00,2025-01-10T20:07:40-08:00,0,4
resume/index.html,35,html,cea0cf4d,zijin-qin,2025-01-10,20:07:40,-08:00,2025-01-10T20:07:40-08:00,0,9
resume/index.html,36,html,cea0cf4d,zijin-qin,2025-01-10,20:07:40,-08:00,2025-01-10T20:07:40-08:00,0,0
resume/index.html,37,html,cea0cf4d,zijin-qin,2025-01-10,20:07:40,-08:00,2025-01-10T20:07:40-08:00,0,8
resume/index.html,38,html,cea0cf4d,zijin-qin,2025-01-10,20:07:40,-08:00,2025-01-10T20:07:40-08:00,0,16
resume/index.html,39,html,cea0cf4d,zijin-qin,2025-01-10,20:07:40,-08:00,2025-01-10T20:07:40-08:00,0,8
resume/index.html,40,html,cea0cf4d,zijin-qin,2025-01-10,20:07:40,-08:00,2025-01-10T20:07:40-08:00,0,53
resume/index.html,41,html,47b1f96b,zijin-qin,2025-01-18,22:08:15,-08:00,2025-01-18T22:08:15-08:00,0,155
resume/index.html,42,html,cea0cf4d,zijin-qin,2025-01-10,20:07:40,-08:00,2025-01-10T20:07:40-08:00,0,3
resume/index.html,43,html,cea0cf4d,zijin-qin,2025-01-10,20:07:40,-08:00,2025-01-10T20:07:40-08:00,0,109
resume/index.html,44,html,cea0cf4d,zijin-qin,2025-01-10,20:07:40,-08:00,2025-01-10T20:07:40-08:00,0,108
resume/index.html,45,html,cea0cf4d,zijin-qin,2025-01-10,20:07:40,-08:00,2025-01-10T20:07:40-08:00,0,101
resume/index.html,46,html,cea0cf4d,zijin-qin,2025-01-10,20:07:40,-08:00,2025-01-10T20:07:40-08:00,0,4
resume/index.html,47,html,cea0cf4d,zijin-qin,2025-01-10,20:07:40,-08:00,2025-01-10T20:07:40-08:00,0,9
resume/index.html,48,html,cea0cf4d,zijin-qin,2025-01-10,20:07:40,-08:00,2025-01-10T20:07:40-08:00,0,0
resume/index.html,49,html,cea0cf4d,zijin-qin,2025-01-10,20:07:40,-08:00,2025-01-10T20:07:40-08:00,0,8
resume/index.html,50,html,cea0cf4d,zijin-qin,2025-01-10,20:07:40,-08:00,2025-01-10T20:07:40-08:00,0,56
resume/index.html,51,html,cea0cf4d,zijin-qin,2025-01-10,20:07:40,-08:00,2025-01-10T20:07:40-08:00,0,3
resume/index.html,52,html,cea0cf4d,zijin-qin,2025-01-10,20:07:40,-08:00,2025-01-10T20:07:40-08:00,0,115
resume/index.html,53,html,cea0cf4d,zijin-qin,2025-01-10,20:07:40,-08:00,2025-01-10T20:07:40-08:00,0,20
resume/index.html,54,html,cea0cf4d,zijin-qin,2025-01-10,20:07:40,-08:00,2025-01-10T20:07:40-08:00,0,99
resume/index.html,55,html,cea0cf4d,zijin-qin,2025-01-10,20:07:40,-08:00,2025-01-10T20:07:40-08:00,0,97
resume/index.html,56,html,cea0cf4d,zijin-qin,2025-01-10,20:07:40,-08:00,2025-01-10T20:07:40-08:00,0,4
resume/index.html,57,html,cea0cf4d,zijin-qin,2025-01-10,20:07:40,-08:00,2025-01-10T20:07:40-08:00,0,9
resume/index.html,58,html,cea0cf4d,zijin-qin,2025-01-10,20:07:40,-08:00,2025-01-10T20:07:40-08:00,0,0
resume/index.html,59,html,cea0cf4d,zijin-qin,2025-01-10,20:07:40,-08:00,2025-01-10T20:07:40-08:00,0,8
resume/index.html,60,html,cea0cf4d,zijin-qin,2025-01-10,20:07:40,-08:00,2025-01-10T20:07:40-08:00,0,34
resume/index.html,61,html,cea0cf4d,zijin-qin,2025-01-10,20:07:40,-08:00,2025-01-10T20:07:40-08:00,0,3
resume/index.html,62,html,cea0cf4d,zijin-qin,2025-01-10,20:07:40,-08:00,2025-01-10T20:07:40-08:00,0,115
resume/index.html,63,html,cea0cf4d,zijin-qin,2025-01-10,20:07:40,-08:00,2025-01-10T20:07:40-08:00,0,4
resume/index.html,64,html,cea0cf4d,zijin-qin,2025-01-10,20:07:40,-08:00,2025-01-10T20:07:40-08:00,0,9
resume/index.html,65,html,cea0cf4d,zijin-qin,2025-01-10,20:07:40,-08:00,2025-01-10T20:07:40-08:00,0,0
resume/index.html,66,html,cea0cf4d,zijin-qin,2025-01-10,20:07:40,-08:00,2025-01-10T20:07:40-08:00,0,8
resume/index.html,67,html,cea0cf4d,zijin-qin,2025-01-10,20:07:40,-08:00,2025-01-10T20:07:40-08:00,0,29
resume/index.html,68,html,cea0cf4d,zijin-qin,2025-01-10,20:07:40,-08:00,2025-01-10T20:07:40-08:00,0,3
resume/index.html,69,html,cea0cf4d,zijin-qin,2025-01-10,20:07:40,-08:00,2025-01-10T20:07:40-08:00,0,90
resume/index.html,70,html,cea0cf4d,zijin-qin,2025-01-10,20:07:40,-08:00,2025-01-10T20:07:40-08:00,0,4
resume/index.html,71,html,cea0cf4d,zijin-qin,2025-01-10,20:07:40,-08:00,2025-01-10T20:07:40-08:00,0,9
resume/index.html,72,html,cea0cf4d,zijin-qin,2025-01-10,20:07:40,-08:00,2025-01-10T20:07:40-08:00,0,0
resume/index.html,73,html,cea0cf4d,zijin-qin,2025-01-10,20:07:40,-08:00,2025-01-10T20:07:40-08:00,0,8
resume/index.html,74,html,cea0cf4d,zijin-qin,2025-01-10,20:07:40,-08:00,2025-01-10T20:07:40-08:00,0,25
resume/index.html,75,html,cea0cf4d,zijin-qin,2025-01-10,20:07:40,-08:00,2025-01-10T20:07:40-08:00,0,3
resume/index.html,76,html,cea0cf4d,zijin-qin,2025-01-10,20:07:40,-08:00,2025-01-10T20:07:40-08:00,0,93
resume/index.html,77,html,cea0cf4d,zijin-qin,2025-01-10,20:07:40,-08:00,2025-01-10T20:07:40-08:00,0,4
resume/index.html,78,html,cea0cf4d,zijin-qin,2025-01-10,20:07:40,-08:00,2025-01-10T20:07:40-08:00,0,9
resume/index.html,79,html,cea0cf4d,zijin-qin,2025-01-10,20:07:40,-08:00,2025-01-10T20:07:40-08:00,0,9
resume/index.html,80,html,cea0cf4d,zijin-qin,2025-01-10,20:07:40,-08:00,2025-01-10T20:07:40-08:00,0,0
resume/index.html,81,html,cea0cf4d,zijin-qin,2025-01-10,20:07:40,-08:00,2025-01-10T20:07:40-08:00,0,8
resume/index.html,82,html,cea0cf4d,zijin-qin,2025-01-10,20:07:40,-08:00,2025-01-10T20:07:40-08:00,0,14
resume/index.html,83,html,cea0cf4d,zijin-qin,2025-01-10,20:07:40,-08:00,2025-01-10T20:07:40-08:00,0,3
resume/index.html,84,html,cea0cf4d,zijin-qin,2025-01-10,20:07:40,-08:00,2025-01-10T20:07:40-08:00,0,102
resume/index.html,85,html,cea0cf4d,zijin-qin,2025-01-10,20:07:40,-08:00,2025-01-10T20:07:40-08:00,0,91
resume/index.html,86,html,cea0cf4d,zijin-qin,2025-01-10,20:07:40,-08:00,2025-01-10T20:07:40-08:00,0,121
resume/index.html,87,html,cea0cf4d,zijin-qin,2025-01-10,20:07:40,-08:00,2025-01-10T20:07:40-08:00,0,4
resume/index.html,88,html,cea0cf4d,zijin-qin,2025-01-10,20:07:40,-08:00,2025-01-10T20:07:40-08:00,0,9
resume/index.html,89,html,cea0cf4d,zijin-qin,2025-01-10,20:07:40,-08:00,2025-01-10T20:07:40-08:00,0,0
resume/index.html,90,html,cea0cf4d,zijin-qin,2025-01-10,20:07:40,-08:00,2025-01-10T20:07:40-08:00,0,8
resume/index.html,91,html,cea0cf4d,zijin-qin,2025-01-10,20:07:40,-08:00,2025-01-10T20:07:40-08:00,0,21
resume/index.html,92,html,cea0cf4d,zijin-qin,2025-01-10,20:07:40,-08:00,2025-01-10T20:07:40-08:00,0,3
resume/index.html,93,html,cea0cf4d,zijin-qin,2025-01-10,20:07:40,-08:00,2025-01-10T20:07:40-08:00,0,97
resume/index.html,94,html,cea0cf4d,zijin-qin,2025-01-10,20:07:40,-08:00,2025-01-10T20:07:40-08:00,0,92
resume/index.html,95,html,cea0cf4d,zijin-qin,2025-01-10,20:07:40,-08:00,2025-01-10T20:07:40-08:00,0,127
resume/index.html,96,html,cea0cf4d,zijin-qin,2025-01-10,20:07:40,-08:00,2025-01-10T20:07:40-08:00,0,4
resume/index.html,97,html,cea0cf4d,zijin-qin,2025-01-10,20:07:40,-08:00,2025-01-10T20:07:40-08:00,0,9
resume/index.html,98,html,3668f34e,zijin-qin,2025-01-10,13:57:02,-08:00,2025-01-10T13:57:02-08:00,0,6
resume/index.html,99,html,3668f34e,zijin-qin,2025-01-10,13:57:02,-08:00,2025-01-10T13:57:02-08:00,0,6
projects/projects.js,1,js,04695683,zijin-qin,2025-02-11,19:24:27,-08:00,2025-02-11T19:24:27-08:00,0,56
projects/projects.js,2,js,04695683,zijin-qin,2025-02-11,19:24:27,-08:00,2025-02-11T19:24:27-08:00,0,56
projects/projects.js,3,js,04695683,zijin-qin,2025-02-11,19:24:27,-08:00,2025-02-11T19:24:27-08:00,0,61
projects/projects.js,4,js,f5705bc9,zijin-qin,2025-02-15,15:31:29,-08:00,2025-02-15T15:31:29-08:00,0,49
projects/projects.js,5,js,f5705bc9,zijin-qin,2025-02-15,15:31:29,-08:00,2025-02-15T15:31:29-08:00,0,0
projects/projects.js,6,js,f5705bc9,zijin-qin,2025-02-15,15:31:29,-08:00,2025-02-15T15:31:29-08:00,0,24
projects/projects.js,7,js,f5705bc9,zijin-qin,2025-02-15,15:31:29,-08:00,2025-02-15T15:31:29-08:00,0,64
projects/projects.js,8,js,f5705bc9,zijin-qin,2025-02-15,15:31:29,-08:00,2025-02-15T15:31:29-08:00,0,0
projects/projects.js,9,js,f5705bc9,zijin-qin,2025-02-15,15:31:29,-08:00,2025-02-15T15:31:29-08:00,0,60
projects/projects.js,10,js,f5705bc9,zijin-qin,2025-02-15,15:31:29,-08:00,2025-02-15T15:31:29-08:00,0,50
projects/projects.js,11,js,f5705bc9,zijin-qin,2025-02-15,15:31:29,-08:00,2025-02-15T15:31:29-08:00,0,0
projects/projects.js,12,js,f5705bc9,zijin-qin,2025-02-15,15:31:29,-08:00,2025-02-15T15:31:29-08:00,0,66
projects/projects.js,13,js,f5705bc9,zijin-qin,2025-02-15,15:31:29,-08:00,2025-02-15T15:31:29-08:00,0,22
projects/projects.js,14,js,f5705bc9,zijin-qin,2025-02-15,15:31:29,-08:00,2025-02-15T15:31:29-08:00,0,0
projects/projects.js,15,js,f5705bc9,zijin-qin,2025-02-15,15:31:29,-08:00,2025-02-15T15:31:29-08:00,0,41
projects/projects.js,16,js,f5705bc9,zijin-qin,2025-02-15,15:31:29,-08:00,2025-02-15T15:31:29-08:00,0,39
projects/projects.js,17,js,f5705bc9,zijin-qin,2025-02-15,15:31:29,-08:00,2025-02-15T15:31:29-08:00,0,53
projects/projects.js,18,js,f5705bc9,zijin-qin,2025-02-15,15:31:29,-08:00,2025-02-15T15:31:29-08:00,0,30
projects/projects.js,19,js,f5705bc9,zijin-qin,2025-02-15,15:31:29,-08:00,2025-02-15T15:31:29-08:00,0,13
projects/projects.js,20,js,f5705bc9,zijin-qin,2025-02-15,15:31:29,-08:00,2025-02-15T15:31:29-08:00,0,15
projects/projects.js,21,js,f5705bc9,zijin-qin,2025-02-15,15:31:29,-08:00,2025-02-15T15:31:29-08:00,0,13
projects/projects.js,22,js,f5705bc9,zijin-qin,2025-02-15,15:31:29,-08:00,2025-02-15T15:31:29-08:00,0,1
projects/projects.js,23,js,f5705bc9,zijin-qin,2025-02-15,15:31:29,-08:00,2025-02-15T15:31:29-08:00,0,0
projects/projects.js,24,js,f5705bc9,zijin-qin,2025-02-15,15:31:29,-08:00,2025-02-15T15:31:29-08:00,0,19
projects/projects.js,25,js,f5705bc9,zijin-qin,2025-02-15,15:31:29,-08:00,2025-02-15T15:31:29-08:00,0,51
projects/projects.js,26,js,f5705bc9,zijin-qin,2025-02-15,15:31:29,-08:00,2025-02-15T15:31:29-08:00,0,36
projects/projects.js,27,js,f5705bc9,zijin-qin,2025-02-15,15:31:29,-08:00,2025-02-15T15:31:29-08:00,0,2
projects/projects.js,28,js,f5705bc9,zijin-qin,2025-02-15,15:31:29,-08:00,2025-02-15T15:31:29-08:00,0,0
projects/projects.js,29,js,f5705bc9,zijin-qin,2025-02-15,15:31:29,-08:00,2025-02-15T15:31:29-08:00,0,34
projects/projects.js,30,js,f5705bc9,zijin-qin,2025-02-15,15:31:29,-08:00,2025-02-15T15:31:29-08:00,0,29
projects/projects.js,31,js,f5705bc9,zijin-qin,2025-02-15,15:31:29,-08:00,2025-02-15T15:31:29-08:00,0,63
projects/projects.js,32,js,f5705bc9,zijin-qin,2025-02-15,15:31:29,-08:00,2025-02-15T15:31:29-08:00,0,0
projects/projects.js,33,js,f5705bc9,zijin-qin,2025-02-15,15:31:29,-08:00,2025-02-15T15:31:29-08:00,0,36
projects/projects.js,34,js,f5705bc9,zijin-qin,2025-02-15,15:31:29,-08:00,2025-02-15T15:31:29-08:00,0,65
projects/projects.js,35,js,f5705bc9,zijin-qin,2025-02-15,15:31:29,-08:00,2025-02-15T15:31:29-08:00,0,0
projects/projects.js,36,js,f5705bc9,zijin-qin,2025-02-15,15:31:29,-08:00,2025-02-15T15:31:29-08:00,0,21
projects/projects.js,37,js,f5705bc9,zijin-qin,2025-02-15,15:31:29,-08:00,2025-02-15T15:31:29-08:00,0,54
projects/projects.js,38,js,f5705bc9,zijin-qin,2025-02-15,15:31:29,-08:00,2025-02-15T15:31:29-08:00,0,43
projects/projects.js,39,js,f5705bc9,zijin-qin,2025-02-15,15:31:29,-08:00,2025-02-15T15:31:29-08:00,0,50
projects/projects.js,40,js,f5705bc9,zijin-qin,2025-02-15,15:31:29,-08:00,2025-02-15T15:31:29-08:00,0,0
projects/projects.js,41,js,f5705bc9,zijin-qin,2025-02-15,15:31:29,-08:00,2025-02-15T15:31:29-08:00,0,26
projects/projects.js,42,js,f5705bc9,zijin-qin,2025-02-15,15:31:29,-08:00,2025-02-15T15:31:29-08:00,0,50
projects/projects.js,43,js,f5705bc9,zijin-qin,2025-02-15,15:31:29,-08:00,2025-02-15T15:31:29-08:00,0,0
projects/projects.js,44,js,f5705bc9,zijin-qin,2025-02-15,15:31:29,-08:00,2025-02-15T15:31:29-08:00,0,73
projects/projects.js,45,js,f5705bc9,zijin-qin,2025-02-15,15:31:29,-08:00,2025-02-15T15:31:29-08:00,0,0
projects/projects.js,46,js,f5705bc9,zijin-qin,2025-02-15,15:31:29,-08:00,2025-02-15T15:31:29-08:00,0,62
projects/projects.js,47,js,f5705bc9,zijin-qin,2025-02-15,15:31:29,-08:00,2025-02-15T15:31:29-08:00,0,28
projects/projects.js,48,js,f5705bc9,zijin-qin,2025-02-15,15:31:29,-08:00,2025-02-15T15:31:29-08:00,0,30
projects/projects.js,49,js,f5705bc9,zijin-qin,2025-02-15,15:31:29,-08:00,2025-02-15T15:31:29-08:00,0,14
projects/projects.js,50,js,f5705bc9,zijin-qin,2025-02-15,15:31:29,-08:00,2025-02-15T15:31:29-08:00,0,23
projects/projects.js,51,js,f5705bc9,zijin-qin,2025-02-15,15:31:29,-08:00,2025-02-15T15:31:29-08:00,0,19
projects/projects.js,52,js,f5705bc9,zijin-qin,2025-02-15,15:31:29,-08:00,2025-02-15T15:31:29-08:00,0,44
projects/projects.js,53,js,f5705bc9,zijin-qin,2025-02-15,15:31:29,-08:00,2025-02-15T15:31:29-08:00,0,0
projects/projects.js,54,js,f5705bc9,zijin-qin,2025-02-15,15:31:29,-08:00,2025-02-15T15:31:29-08:00,0,34
projects/projects.js,55,js,f5705bc9,zijin-qin,2025-02-15,15:31:29,-08:00,2025-02-15T15:31:29-08:00,0,20
projects/projects.js,56,js,f5705bc9,zijin-qin,2025-02-15,15:31:29,-08:00,2025-02-15T15:31:29-08:00,0,27
projects/projects.js,57,js,f5705bc9,zijin-qin,2025-02-15,15:31:29,-08:00,2025-02-15T15:31:29-08:00,0,38
projects/projects.js,58,js,f5705bc9,zijin-qin,2025-02-15,15:31:29,-08:00,2025-02-15T15:31:29-08:00,0,2
projects/projects.js,59,js,f5705bc9,zijin-qin,2025-02-15,15:31:29,-08:00,2025-02-15T15:31:29-08:00,0,0
projects/projects.js,60,js,f5705bc9,zijin-qin,2025-02-15,15:31:29,-08:00,2025-02-15T15:31:29-08:00,0,32
projects/projects.js,61,js,f5705bc9,zijin-qin,2025-02-15,15:31:29,-08:00,2025-02-15T15:31:29-08:00,0,24
projects/projects.js,62,js,f5705bc9,zijin-qin,2025-02-15,15:31:29,-08:00,2025-02-15T15:31:29-08:00,0,27
projects/projects.js,63,js,f5705bc9,zijin-qin,2025-02-15,15:31:29,-08:00,2025-02-15T15:31:29-08:00,0,38
projects/projects.js,64,js,f5705bc9,zijin-qin,2025-02-15,15:31:29,-08:00,2025-02-15T15:31:29-08:00,0,2
projects/projects.js,65,js,f5705bc9,zijin-qin,2025-02-15,15:31:29,-08:00,2025-02-15T15:31:29-08:00,0,0
projects/projects.js,66,js,f5705bc9,zijin-qin,2025-02-15,15:31:29,-08:00,2025-02-15T15:31:29-08:00,0,84
projects/projects.js,67,js,f5705bc9,zijin-qin,2025-02-15,15:31:29,-08:00,2025-02-15T15:31:29-08:00,0,26
projects/projects.js,68,js,f5705bc9,zijin-qin,2025-02-15,15:31:29,-08:00,2025-02-15T15:31:29-08:00,0,71
projects/projects.js,69,js,f5705bc9,zijin-qin,2025-02-15,15:31:29,-08:00,2025-02-15T15:31:29-08:00,0,7
projects/projects.js,70,js,f5705bc9,zijin-qin,2025-02-15,15:31:29,-08:00,2025-02-15T15:31:29-08:00,0,57
projects/projects.js,71,js,f5705bc9,zijin-qin,2025-02-15,15:31:29,-08:00,2025-02-15T15:31:29-08:00,0,0
projects/projects.js,72,js,f5705bc9,zijin-qin,2025-02-15,15:31:29,-08:00,2025-02-15T15:31:29-08:00,0,44
projects/projects.js,73,js,f5705bc9,zijin-qin,2025-02-15,15:31:29,-08:00,2025-02-15T15:31:29-08:00,0,82
projects/projects.js,74,js,f5705bc9,zijin-qin,2025-02-15,15:31:29,-08:00,2025-02-15T15:31:29-08:00,0,0
projects/projects.js,75,js,f5705bc9,zijin-qin,2025-02-15,15:31:29,-08:00,2025-02-15T15:31:29-08:00,0,26
projects/projects.js,76,js,f5705bc9,zijin-qin,2025-02-15,15:31:29,-08:00,2025-02-15T15:31:29-08:00,0,107
projects/projects.js,77,js,f5705bc9,zijin-qin,2025-02-15,15:31:29,-08:00,2025-02-15T15:31:29-08:00,0,0
projects/projects.js,78,js,f5705bc9,zijin-qin,2025-02-15,15:31:29,-08:00,2025-02-15T15:31:29-08:00,0,2
projects/projects.js,79,js,f5705bc9,zijin-qin,2025-02-15,15:31:29,-08:00,2025-02-15T15:31:29-08:00,0,2
projects/projects.js,80,js,f5705bc9,zijin-qin,2025-02-15,15:31:29,-08:00,2025-02-15T15:31:29-08:00,0,0
projects/projects.js,81,js,f5705bc9,zijin-qin,2025-02-15,15:31:29,-08:00,2025-02-15T15:31:29-08:00,0,19
projects/projects.js,82,js,f5705bc9,zijin-qin,2025-02-15,15:31:29,-08:00,2025-02-15T15:31:29-08:00,0,28
projects/projects.js,83,js,f5705bc9,zijin-qin,2025-02-15,15:31:29,-08:00,2025-02-15T15:31:29-08:00,0,21
projects/projects.js,84,js,f5705bc9,zijin-qin,2025-02-15,15:31:29,-08:00,2025-02-15T15:31:29-08:00,0,39
projects/projects.js,85,js,f5705bc9,zijin-qin,2025-02-15,15:31:29,-08:00,2025-02-15T15:31:29-08:00,0,28
projects/projects.js,86,js,f5705bc9,zijin-qin,2025-02-15,15:31:29,-08:00,2025-02-15T15:31:29-08:00,0,70
projects/projects.js,87,js,f5705bc9,zijin-qin,2025-02-15,15:31:29,-08:00,2025-02-15T15:31:29-08:00,0,2
projects/projects.js,88,js,f5705bc9,zijin-qin,2025-02-15,15:31:29,-08:00,2025-02-15T15:31:29-08:00,0,0
projects/projects.js,89,js,f5705bc9,zijin-qin,2025-02-15,15:31:29,-08:00,2025-02-15T15:31:29-08:00,0,0
projects/projects.js,90,js,f5705bc9,zijin-qin,2025-02-15,15:31:29,-08:00,2025-02-15T15:31:29-08:00,0,0
projects/projects.js,91,js,f5705bc9,zijin-qin,2025-02-15,15:31:29,-08:00,2025-02-15T15:31:29-08:00,0,65
projects/projects.js,92,js,f5705bc9,zijin-qin,2025-02-15,15:31:29,-08:00,2025-02-15T15:31:29-08:00,0,24
projects/projects.js,93,js,f5705bc9,zijin-qin,2025-02-15,15:31:29,-08:00,2025-02-15T15:31:29-08:00,0,0
projects/projects.js,94,js,f5705bc9,zijin-qin,2025-02-15,15:31:29,-08:00,2025-02-15T15:31:29-08:00,0,25
projects/projects.js,95,js,f5705bc9,zijin-qin,2025-02-15,15:31:29,-08:00,2025-02-15T15:31:29-08:00,0,14
projects/projects.js,96,js,f5705bc9,zijin-qin,2025-02-15,15:31:29,-08:00,2025-02-15T15:31:29-08:00,0,54
projects/projects.js,97,js,f5705bc9,zijin-qin,2025-02-15,15:31:29,-08:00,2025-02-15T15:31:29-08:00,0,0
projects/projects.js,98,js,f5705bc9,zijin-qin,2025-02-15,15:31:29,-08:00,2025-02-15T15:31:29-08:00,0,34
projects/projects.js,99,js,f5705bc9,zijin-qin,2025-02-15,15:31:29,-08:00,2025-02-15T15:31:29-08:00,0,25
projects/projects.js,100,js,f5705bc9,zijin-qin,2025-02-15,15:31:29,-08:00,2025-02-15T15:31:29-08:00,0,36
projects/projects.js,101,js,f5705bc9,zijin-qin,2025-02-15,15:31:29,-08:00,2025-02-15T15:31:29-08:00,0,60
projects/projects.js,102,js,f5705bc9,zijin-qin,2025-02-15,15:31:29,-08:00,2025-02-15T15:31:29-08:00,0,43
projects/projects.js,103,js,f5705bc9,zijin-qin,2025-02-15,15:31:29,-08:00,2025-02-15T15:31:29-08:00,0,2
projects/projects.js,104,js,f5705bc9,zijin-qin,2025-02-15,15:31:29,-08:00,2025-02-15T15:31:29-08:00,0,0
projects/projects.js,105,js,f5705bc9,zijin-qin,2025-02-15,15:31:29,-08:00,2025-02-15T15:31:29-08:00,0,0
projects/projects.js,106,js,f5705bc9,zijin-qin,2025-02-15,15:31:29,-08:00,2025-02-15T15:31:29-08:00,0,35
projects/projects.js,107,js,f5705bc9,zijin-qin,2025-02-15,15:31:29,-08:00,2025-02-15T15:31:29-08:00,0,50
projects/projects.js,108,js,f5705bc9,zijin-qin,2025-02-15,15:31:29,-08:00,2025-02-15T15:31:29-08:00,0,51
projects/projects.js,109,js,f5705bc9,zijin-qin,2025-02-15,15:31:29,-08:00,2025-02-15T15:31:29-08:00,0,0
projects/projects.js,110,js,f5705bc9,zijin-qin,2025-02-15,15:31:29,-08:00,2025-02-15T15:31:29-08:00,0,54
projects/projects.js,111,js,f5705bc9,zijin-qin,2025-02-15,15:31:29,-08:00,2025-02-15T15:31:29-08:00,0,57
projects/projects.js,112,js,f5705bc9,zijin-qin,2025-02-15,15:31:29,-08:00,2025-02-15T15:31:29-08:00,0,32
projects/projects.js,113,js,f5705bc9,zijin-qin,2025-02-15,15:31:29,-08:00,2025-02-15T15:31:29-08:00,0,2
projects/index.html,1,html,b91d1c39,zijin-qin,2025-01-10,12:54:35,-08:00,2025-01-10T12:54:35-08:00,0,14
projects/index.html,2,html,b91d1c39,zijin-qin,2025-01-10,12:54:35,-08:00,2025-01-10T12:54:35-08:00,0,15
projects/index.html,3,html,b91d1c39,zijin-qin,2025-01-10,12:54:35,-08:00,2025-01-10T12:54:35-08:00,0,5
projects/index.html,4,html,b91d1c39,zijin-qin,2025-01-10,12:54:35,-08:00,2025-01-10T12:54:35-08:00,0,21
projects/index.html,5,html,b91d1c39,zijin-qin,2025-01-10,12:54:35,-08:00,2025-01-10T12:54:35-08:00,0,69
projects/index.html,6,html,b91d1c39,zijin-qin,2025-01-10,12:54:35,-08:00,2025-01-10T12:54:35-08:00,0,22
projects/index.html,7,html,9b7ab13d,zijin-qin,2025-01-10,13:22:22,-08:00,2025-01-10T13:22:22-08:00,0,42
projects/index.html,8,html,04695683,zijin-qin,2025-02-11,19:24:27,-08:00,2025-02-11T19:24:27-08:00,0,49
projects/index.html,9,html,f5705bc9,zijin-qin,2025-02-15,15:31:29,-08:00,2025-02-15T15:31:29-08:00,0,48
projects/index.html,10,html,b91d1c39,zijin-qin,2025-01-10,12:54:35,-08:00,2025-01-10T12:54:35-08:00,0,6
projects/index.html,11,html,b91d1c39,zijin-qin,2025-01-10,12:54:35,-08:00,2025-01-10T12:54:35-08:00,0,5
projects/index.html,12,html,bc77d548,zijin-qin,2025-02-11,20:29:16,-08:00,2025-02-11T20:29:16-08:00,0,39
projects/index.html,13,html,fa9cab36,zijin-qin,2025-02-11,22:06:55,-08:00,2025-02-11T22:06:55-08:00,0,0
projects/index.html,14,html,f5705bc9,zijin-qin,2025-02-15,15:31:29,-08:00,2025-02-15T15:31:29-08:00,0,22
projects/index.html,15,html,f5705bc9,zijin-qin,2025-02-15,15:31:29,-08:00,2025-02-15T15:31:29-08:00,0,55
projects/index.html,16,html,f5705bc9,zijin-qin,2025-02-15,15:31:29,-08:00,2025-02-15T15:31:29-08:00,0,23
projects/index.html,17,html,f5705bc9,zijin-qin,2025-02-15,15:31:29,-08:00,2025-02-15T15:31:29-08:00,0,5
projects/index.html,18,html,f5705bc9,zijin-qin,2025-02-15,15:31:29,-08:00,2025-02-15T15:31:29-08:00,0,16
projects/index.html,19,html,f5705bc9,zijin-qin,2025-02-15,15:31:29,-08:00,2025-02-15T15:31:29-08:00,0,12
projects/index.html,20,html,f5705bc9,zijin-qin,2025-02-15,15:31:29,-08:00,2025-02-15T15:31:29-08:00,0,27
projects/index.html,21,html,f5705bc9,zijin-qin,2025-02-15,15:31:29,-08:00,2025-02-15T15:31:29-08:00,0,32
projects/index.html,22,html,f5705bc9,zijin-qin,2025-02-15,15:31:29,-08:00,2025-02-15T15:31:29-08:00,0,1
projects/index.html,23,html,f5705bc9,zijin-qin,2025-02-15,15:31:29,-08:00,2025-02-15T15:31:29-08:00,0,5
projects/index.html,24,html,f5705bc9,zijin-qin,2025-02-15,15:31:29,-08:00,2025-02-15T15:31:29-08:00,0,0
projects/index.html,25,html,f5705bc9,zijin-qin,2025-02-15,15:31:29,-08:00,2025-02-15T15:31:29-08:00,0,27
projects/index.html,26,html,b91d1c39,zijin-qin,2025-01-10,12:54:35,-08:00,2025-01-10T12:54:35-08:00,0,6
projects/index.html,27,html,b91d1c39,zijin-qin,2025-01-10,12:54:35,-08:00,2025-01-10T12:54:35-08:00,0,6
meta/index.html,1,html,99263002,zijin-qin,2025-02-15,16:05:27,-08:00,2025-02-15T16:05:27-08:00,0,14
meta/index.html,2,html,99263002,zijin-qin,2025-02-15,16:05:27,-08:00,2025-02-15T16:05:27-08:00,0,15
meta/index.html,3,html,99263002,zijin-qin,2025-02-15,16:05:27,-08:00,2025-02-15T16:05:27-08:00,0,5
meta/index.html,4,html,99263002,zijin-qin,2025-02-15,16:05:27,-08:00,2025-02-15T16:05:27-08:00,0,21
meta/index.html,5,html,99263002,zijin-qin,2025-02-15,16:05:27,-08:00,2025-02-15T16:05:27-08:00,0,69
meta/index.html,6,html,99263002,zijin-qin,2025-02-15,16:05:27,-08:00,2025-02-15T16:05:27-08:00,0,18
meta/index.html,7,html,99263002,zijin-qin,2025-02-15,16:05:27,-08:00,2025-02-15T16:05:27-08:00,0,42
meta/index.html,8,html,99263002,zijin-qin,2025-02-15,16:05:27,-08:00,2025-02-15T16:05:27-08:00,0,49
meta/index.html,9,html,99263002,zijin-qin,2025-02-15,16:05:27,-08:00,2025-02-15T16:05:27-08:00,0,6
meta/index.html,10,html,99263002,zijin-qin,2025-02-15,16:05:27,-08:00,2025-02-15T16:05:27-08:00,0,5
meta/index.html,11,html,99263002,zijin-qin,2025-02-15,16:05:27,-08:00,2025-02-15T16:05:27-08:00,0,12
meta/index.html,12,html,99263002,zijin-qin,2025-02-15,16:05:27,-08:00,2025-02-15T16:05:27-08:00,0,0
meta/index.html,13,html,99263002,zijin-qin,2025-02-15,16:05:27,-08:00,2025-02-15T16:05:27-08:00,0,70
meta/index.html,14,html,99263002,zijin-qin,2025-02-15,16:05:27,-08:00,2025-02-15T16:05:27-08:00,0,6
meta/index.html,15,html,99263002,zijin-qin,2025-02-15,16:05:27,-08:00,2025-02-15T16:05:27-08:00,0,6
contact/index.html,1,html,b91d1c39,zijin-qin,2025-01-10,12:54:35,-08:00,2025-01-10T12:54:35-08:00,0,14
contact/index.html,2,html,b91d1c39,zijin-qin,2025-01-10,12:54:35,-08:00,2025-01-10T12:54:35-08:00,0,15
contact/index.html,3,html,b91d1c39,zijin-qin,2025-01-10,12:54:35,-08:00,2025-01-10T12:54:35-08:00,0,5
contact/index.html,4,html,b91d1c39,zijin-qin,2025-01-10,12:54:35,-08:00,2025-01-10T12:54:35-08:00,0,21
contact/index.html,5,html,b91d1c39,zijin-qin,2025-01-10,12:54:35,-08:00,2025-01-10T12:54:35-08:00,0,69
contact/index.html,6,html,b91d1c39,zijin-qin,2025-01-10,12:54:35,-08:00,2025-01-10T12:54:35-08:00,0,21
contact/index.html,7,html,9b7ab13d,zijin-qin,2025-01-10,13:22:22,-08:00,2025-01-10T13:22:22-08:00,0,42
contact/index.html,8,html,0bc18463,zijin-qin,2025-01-25,19:53:43,-08:00,2025-01-25T19:53:43-08:00,0,49
contact/index.html,9,html,4bf8aa62,zijin-qin,2025-01-10,13:04:26,-08:00,2025-01-10T13:04:26-08:00,0,6
contact/index.html,10,html,4bf8aa62,zijin-qin,2025-01-10,13:04:26,-08:00,2025-01-10T13:04:26-08:00,0,5
contact/index.html,11,html,4bf8aa62,zijin-qin,2025-01-10,13:04:26,-08:00,2025-01-10T13:04:26-08:00,0,15
contact/index.html,12,html,760d6cf5,zijin-qin,2025-01-10,13:08:13,-08:00,2025-01-10T13:08:13-08:00,0,0
contact/index.html,13,html,2c0e9da3,zijin-qin,2025-01-10,13:33:54,-08:00,2025-01-10T13:33:54-08:00,0,75
contact/index.html,14,html,cb899008,zijin-qin,2025-01-18,21:49:10,-08:00,2025-01-18T21:49:10-08:00,0,65
contact/index.html,15,html,6724f8d5,zijin-qin,2025-01-10,13:16:17,-08:00,2025-01-10T13:16:17-08:00,0,0
contact/index.html,16,html,cb899008,zijin-qin,2025-01-18,21:49:10,-08:00,2025-01-18T21:49:10-08:00,0,56
contact/index.html,17,html,6724f8d5,zijin-qin,2025-01-10,13:16:17,-08:00,2025-01-10T13:16:17-08:00,0,0
contact/index.html,18,html,cb899008,zijin-qin,2025-01-18,21:49:10,-08:00,2025-01-18T21:49:10-08:00,0,64
contact/index.html,19,html,6724f8d5,zijin-qin,2025-01-10,13:16:17,-08:00,2025-01-10T13:16:17-08:00,0,0
contact/index.html,20,html,6724f8d5,zijin-qin,2025-01-10,13:16:17,-08:00,2025-01-10T13:16:17-08:00,0,22
contact/index.html,21,html,6724f8d5,zijin-qin,2025-01-10,13:16:17,-08:00,2025-01-10T13:16:17-08:00,0,6
contact/index.html,22,html,b91d1c39,zijin-qin,2025-01-10,12:54:35,-08:00,2025-01-10T12:54:35-08:00,0,6
contact/index.html,23,html,b91d1c39,zijin-qin,2025-01-10,12:54:35,-08:00,2025-01-10T12:54:35-08:00,0,6
